participant_id,angry,fear,happy,sad,surprise,eye_offset,elapsed_time,neutral_y,start,end,text,tokens,no_speech_prob,positive,negative,confident,hesitant,concise,enthusiastic,speech_speed,neutral_x,dominant_emotion,word_count,clearity
3d7cd21a-3170-4352-b499-24ea04eaf48c,13.13864525,2.6859871,38.8415575,27.633097499999998,3.9824793200000004,12.4619,2.5,13.589572945,0.0,4.32," Hello, I am Beside You. I am Cameron Barajas and I am thrilled to apply to this opportunity","[50364, 2425, 11, 286, 669, 8190, 482, 509, 13, 286, 669, 37327, 2716, 3057, 3653, 5439, 293, 286, 669, 18744, 281, 3079, 281, 341, 2650, 50580]",0.0071066515520215,0.909206211566925,0.0154313836246728,0.9763020873069764,0.0206486638635396,0.8493028879165649,0.9980642199516296,4.166666666666666,0.0753624066710472,happy,18,0.12791972793639061
3d7cd21a-3170-4352-b499-24ea04eaf48c,0.6717273666666667,2.588320783333333,38.74281766666667,19.231108333333335,0.0583978479,20.273366666666664,7.5,38.691162128500004,4.32,10.0, today. I recently completed my BBA in 2022. I have a flexible attitude. I can lead the,"[50580, 965, 13, 286, 3938, 7365, 452, 363, 9295, 294, 20229, 13, 286, 362, 257, 11358, 10157, 13, 286, 393, 1477, 264, 50864]",0.0071066515520215,0.6606751680374146,0.0526399835944175,0.9686293601989746,0.7410909533500671,0.6496250033378601,0.7013790607452393,2.992957746478873,0.2866847813129425,happy,17,0.12081307638436556
3d7cd21a-3170-4352-b499-24ea04eaf48c,12.14518862,7.758883819999999,37.043048000000006,11.204162,0.7740251396,18.60432,12.0,31.07276,10.0,14.52, team and be a good team player according to the situation. I am a passionate individual,"[50864, 1469, 293, 312, 257, 665, 1469, 4256, 4650, 281, 264, 2590, 13, 286, 669, 257, 11410, 2609, 51090]",0.0071066515520215,0.7521179914474487,0.1033428534865379,0.3813872933387756,0.1475221514701843,0.1811138987541198,0.9448173642158508,3.5398230088495577,0.1445390880107879,happy,16,0.11370642483234583
3d7cd21a-3170-4352-b499-24ea04eaf48c,3.5304623183333335,8.258548674999998,56.559569833333335,17.505109166666667,0.18189985166666667,25.575316666666666,17.5,13.927529255000001,14.52,20.06, who aims for perfection in the task and I always try to give my best and reach the expectations.,"[51090, 567, 24683, 337, 19708, 294, 264, 5633, 293, 286, 1009, 853, 281, 976, 452, 1151, 293, 2524, 264, 9843, 13, 51367]",0.0071066515520215,0.8537775278091431,0.0702050551772117,0.953803300857544,0.0403918847441673,0.4801487624645233,0.6788031458854675,3.429602888086643,0.0760174319148063,happy,19,0.13502637948840857
3d7cd21a-3170-4352-b499-24ea04eaf48c,22.218327199999997,2.4259541,4.82477408,13.183755999999999,0.33147656000000003,26.1293,23.0,56.9844772,20.06,25.48," In summer 2022, I interned in a boutique investment bank based out of Hyderabad. In this internship,","[51367, 682, 4266, 20229, 11, 286, 2154, 292, 294, 257, 15738, 1925, 6078, 3765, 2361, 484, 295, 5701, 1068, 32776, 13, 682, 341, 16861, 11, 51638]",0.0071066515520215,0.5999714136123657,0.1331949830055236,0.8092973828315735,0.8006997108459473,0.6925726532936096,0.4462052881717682,3.136531365313652,0.266833633184433,neutral_y,17,0.12081307638436556
3d7cd21a-3170-4352-b499-24ea04eaf48c,23.379045,7.931728499999999,2.85392225,26.90307,0.182095175,19.904,27.5,37.491224575000004,25.48,29.52, I worked closely with senior professionals. I was involved in developing the framework,"[51638, 286, 2732, 8185, 365, 7965, 11954, 13, 286, 390, 3288, 294, 6416, 264, 8388, 51840]",0.0071066515520215,0.6733085513114929,0.139675885438919,0.807213306427002,0.6732915043830872,0.5808582305908203,0.4077364504337311,3.2178217821782185,0.187015563249588,neutral_y,13,0.09238647017627954
3d7cd21a-3170-4352-b499-24ea04eaf48c,12.815559925000002,8.43145175,51.507982500000004,26.3717885,0.0381107785,21.2039,31.5,0.77845226175,29.52,33.64, of a venture network at the ideation stage. This venture network focused on providing,"[50364, 295, 257, 18474, 3209, 412, 264, 1153, 399, 3233, 13, 639, 18474, 3209, 5178, 322, 6530, 50570]",0.0541510060429573,0.6355491280555725,0.1261558979749679,0.4283840656280517,0.885919988155365,0.5066512227058411,0.5064131021499634,3.398058252427184,0.2382949888706207,happy,14,0.7581140846014005
3d7cd21a-3170-4352-b499-24ea04eaf48c,5.875465972140001,3.16726626524,45.324214,16.63550696,0.614362942388,15.00718,36.0,28.289089785999998,33.64,38.88, funds at the seed level and CD sale levels. I got an opportunity to discuss about startups,"[50570, 8271, 412, 264, 8871, 1496, 293, 6743, 8680, 4358, 13, 286, 658, 364, 2650, 281, 2248, 466, 28041, 50832]",0.0541510060429573,0.6519665122032166,0.1098470836877822,0.4789380133152008,0.6565148830413818,0.4809490144252777,0.407554030418396,3.2442748091603084,0.2381864190101623,happy,17,0.9205671027302529
3d7cd21a-3170-4352-b499-24ea04eaf48c,3.7314318400000004,3.5945724599999997,51.557621999999995,16.4293962,0.8106365859999999,20.509459999999997,41.0,23.5887704,38.88,43.88, and what an investor should look for before investing in a startup. And I found this whole,"[50832, 293, 437, 364, 18479, 820, 574, 337, 949, 10978, 294, 257, 18578, 13, 400, 286, 1352, 341, 1379, 51082]",0.0541510060429573,0.7529020309448242,0.0841440707445144,0.5595165491104126,0.4023365378379822,0.703342854976654,0.3668284714221954,3.4,0.1629538536071777,happy,17,0.9205671027302742
3d7cd21a-3170-4352-b499-24ea04eaf48c,7.301139216666667,11.605210543333335,40.831560333333336,11.6497235,8.069851461666666,20.157516666666666,46.5,19.498719816666668,43.88,49.16," process exciting. In addition to this, I interned with a startup known as Kabadi Techno. And","[51082, 1399, 4670, 13, 682, 4500, 281, 341, 11, 286, 2154, 292, 365, 257, 18578, 2570, 382, 25848, 5688, 8337, 78, 13, 400, 51346]",0.0541510060429573,0.9839756488800048,0.0049423105083405,0.7825356721878052,0.0030490003991872,0.1546465754508972,0.9929615259170532,3.03030303030303,0.0110820094123482,happy,16,0.8664160966873382
3d7cd21a-3170-4352-b499-24ea04eaf48c,2.355781125,4.94874575,47.38481725,20.82009525,0.07821091225,36.477125,51.5,24.08221575,49.16,53.96," in this internship, I regularly discussed the growth of the startups and how a business","[51346, 294, 341, 16861, 11, 286, 11672, 7152, 264, 4599, 295, 264, 28041, 293, 577, 257, 1606, 51586]",0.0541510060429573,0.7051657438278198,0.1020941436290741,0.7092519402503967,0.388039618730545,0.3011411726474762,0.381830483675003,3.1249999999999973,0.1927400827407837,happy,15,0.8122650906443578
3d7cd21a-3170-4352-b499-24ea04eaf48c,35.52158907784,2.8040488420000003,23.5378702,2.3809983999999997,1.4803952945999999,18.095840000000003,56.0,31.716653330000003,53.96,58.36, should be working with the founder. And I used to update my business model accordingly,"[51586, 820, 312, 1364, 365, 264, 14917, 13, 400, 286, 1143, 281, 5623, 452, 1606, 2316, 19717, 51806]",0.0541510060429573,0.4937595725059509,0.2852814793586731,0.4229864478111267,0.7582389712333679,0.5522084832191467,0.1979627162218094,3.40909090909091,0.2209589332342147,angry,15,0.8122650906443596
3d7cd21a-3170-4352-b499-24ea04eaf48c,5.512928799999999,2.0365952,49.112468,22.640002199999998,0.040565882,21.98194,61.0,20.618612499999998,58.4,63.6, according to our discussions. And my area of focus in this internship was on finance.,"[50366, 4650, 281, 527, 11088, 13, 400, 452, 1859, 295, 1879, 294, 341, 16861, 390, 322, 10719, 13, 50626]",0.2334863841533661,0.5914069414138794,0.1599348336458206,0.7729933261871338,0.6843612194061279,0.5653746724128723,0.1878500282764434,2.8846153846153832,0.2486581355333328,happy,15,3.5022957623004913
3d7cd21a-3170-4352-b499-24ea04eaf48c,1.9227878600000001,10.111667986,16.60890088,30.4058834,0.06892626424000001,19.100839999999998,66.4,40.22945953999999,63.6,69.64, So I prepared the financial model to get a ballpark figure valuation of the startup.,"[50626, 407, 286, 4927, 264, 4669, 2316, 281, 483, 257, 2594, 31239, 2573, 38546, 295, 264, 18578, 13, 50928]",0.2334863841533661,0.4458820223808288,0.1397600322961807,0.2523844540119171,0.5233181715011597,0.4511494636535644,0.1507427990436554,2.483443708609272,0.4143580198287964,neutral_y,15,3.5022957623004913
3d7cd21a-3170-4352-b499-24ea04eaf48c,22.30932555,5.2897675,1.4718769,45.70532,1.3973672022499999,25.78765,72.25,23.720087,69.64,74.88, So these two latest internships have provided me a comprehensive view of the company's perspective,"[50928, 407, 613, 732, 6792, 35712, 362, 5649, 385, 257, 13914, 1910, 295, 264, 2237, 311, 4585, 51190]",0.2334863841533661,0.7288757562637329,0.140218585729599,0.8139676451683044,0.1179432049393653,0.1063369214534759,0.1652904748916626,2.862595419847331,0.1309056729078292,sad,15,3.502295762300493
3d7cd21a-3170-4352-b499-24ea04eaf48c,19.47483138362,1.0465362184099998,27.306027160000003,14.049955403999999,20.0119397302984,20.730600000000003,77.0,17.977786509999998,74.88,79.4, and an investor's perspective. So now I am looking for a challenging role where I can,"[51190, 293, 364, 18479, 311, 4585, 13, 407, 586, 286, 669, 1237, 337, 257, 7595, 3090, 689, 286, 393, 51416]",0.2334863841533661,0.5252525210380554,0.3096972703933716,0.3133566975593567,0.6744603514671326,0.0919632837176323,0.107444167137146,3.5398230088495497,0.1650501489639282,happy,16,3.7357821464538556
3d7cd21a-3170-4352-b499-24ea04eaf48c,2.023811523333333,1.18535352,68.22743333333334,14.802689,0.06901897,21.196466666666666,81.33333333333333,13.393120666666666,79.4,83.92, put my all skills to practice and grow at an acceleration rate. And this is what I am,"[51416, 829, 452, 439, 3942, 281, 3124, 293, 1852, 412, 364, 17162, 3314, 13, 400, 341, 307, 437, 286, 669, 51642]",0.2334863841533661,0.8503203392028809,0.0475303083658218,0.7591511607170105,0.0021860594861209,0.2286398112773895,0.3984140753746032,3.982300884955756,0.1021493449807167,happy,18,4.202754914760588
3d7cd21a-3170-4352-b499-24ea04eaf48c,0.5276747599999999,34.11144485999999,12.52673038,14.143309300000002,0.7695070198,30.136980000000005,86.0,37.89951961999999,83.92,88.96000000000001," Beside You is providing. Hence, I firmly believe that I am Beside You and I am a perfect fit.","[50364, 8190, 482, 509, 307, 6530, 13, 22229, 11, 286, 20031, 1697, 300, 286, 669, 8190, 482, 509, 293, 286, 669, 257, 2176, 3318, 13, 50616]",0.8101279139518738,0.9647168517112732,0.0048196082934737,0.9938973188400269,0.0368185229599475,0.7318393588066101,0.9027485251426696,3.769841269841265,0.0304635316133499,neutral_y,19,15.392430365085602
3d7cd21a-3170-4352-b499-24ea04eaf48c,8.93686e-05,3.48094e-06,99.9818,0.0180098,1.0171e-05,39.7008,89.0,0.000104251,88.96000000000001,89.76, Thank you.,"[50616, 1044, 291, 13, 50656]",0.8101279139518738,0.9392908811569214,0.014358558692038,0.8287114500999451,0.7301741242408752,0.8923351764678955,0.8739709258079529,2.500000000000009,0.0463505573570728,happy,2,1.6202558279037476
62ea9b36-7860-4dc9-827c-600604286571,0.9817148399999999,0.5059385199999998,0.06585389193999999,0.44938764999999997,1.6649017400000001,13.0468,3.0,96.3322,0.0,5.12," Hello, my name is Monique Mccormick. I'm from Guntur, Andhra Pradesh. I'm an engineering","[50364, 2425, 11, 452, 1315, 307, 11085, 4327, 282, 13, 286, 478, 490, 460, 2760, 374, 11, 400, 71, 424, 2114, 26338, 13, 286, 478, 364, 7043, 50620]",0.4627250134944916,0.4981499314308166,0.1777701675891876,0.9019642472267152,0.9560369253158568,0.7528559565544128,0.752601683139801,2.734375,0.3240799605846405,neutral_y,14,6.478150188922882
62ea9b36-7860-4dc9-827c-600604286571,1.56044025,2.64785268825,5.3573457825,2.0159342675,0.4654658325,5.8843,7.5,87.952925,5.12,9.12, graduate in electronics and communication field. My final year project is on performance,"[50620, 8080, 294, 20611, 293, 6101, 2519, 13, 1222, 2572, 1064, 1716, 307, 322, 3389, 50820]",0.4627250134944916,0.6601346135139465,0.1797856986522674,0.6622763276100159,0.6463591456413269,0.5797407627105713,0.300230324268341,3.249999999999999,0.1600796580314636,neutral_y,13,6.015425175428394
62ea9b36-7860-4dc9-827c-600604286571,1.0468444399999999,1.003827948,0.124199643956,0.7004449432000001,0.12296961479999999,27.952319999999997,12.0,97.0017,9.12,14.24, analysis of shift resistors. I qualified GATE and secured a rank of 5300. I've done my,"[50820, 5215, 295, 5513, 4597, 830, 13, 286, 15904, 460, 20047, 293, 22905, 257, 6181, 295, 1025, 12566, 13, 286, 600, 1096, 452, 51076]",0.4627250134944916,0.9152228832244872,0.0436077564954757,0.8863534331321716,0.4250625073909759,0.5374481678009033,0.3478549718856811,3.1250000000000004,0.0411693602800369,neutral_y,16,7.403600215911862
62ea9b36-7860-4dc9-827c-600604286571,2.6146747,5.819603452,0.22626282,1.6740255000000002,0.06825412900000001,12.974260000000001,17.0,89.59646000000001,14.24,19.36," internship at PSK VLSI Design Center, post which I worked in a school as academic advisor","[51076, 16861, 412, 8168, 42, 691, 19198, 40, 12748, 5169, 11, 2183, 597, 286, 2732, 294, 257, 1395, 382, 7778, 19161, 51332]",0.4627250134944916,0.39833465218544,0.3204732835292816,0.5108476877212524,0.7161426544189453,0.3685032725334167,0.2095498442649841,3.1250000000000004,0.2811920940876007,neutral_y,16,7.403600215911865
62ea9b36-7860-4dc9-827c-600604286571,2.09042094,1.4531108979999998,0.21262942980000005,0.252349612,0.9804029799999998,21.25554,22.0,95.011,19.36,24.2," under administration for 19 months. During my tenure, I've developed my interest and","[51332, 833, 7236, 337, 1294, 2493, 13, 6842, 452, 32256, 11, 286, 600, 4743, 452, 1179, 293, 51574]",0.4627250134944916,0.5797483921051025,0.2101895213127136,0.8201692700386047,0.8247383236885071,0.6203069686889648,0.4749634265899658,2.6859504132231407,0.2100621610879898,neutral_y,13,6.0154251754283905
62ea9b36-7860-4dc9-827c-600604286571,1.1857340399999998,1.1024612699999998,0.19245891799999998,0.80067916,0.170804884,21.677739999999996,27.0,96.5477,24.2,29.72," inclination towards management, and I've provided my personal support to the school administration","[51574, 37070, 2486, 3030, 4592, 11, 293, 286, 600, 5649, 452, 2973, 1406, 281, 264, 1395, 7236, 51850]",0.4627250134944916,0.8311123847961426,0.0711204037070274,0.8047628998756409,0.4644834101200104,0.4062905013561249,0.5567334890365601,2.355072463768116,0.0977671816945076,neutral_y,13,6.0154251754283905
62ea9b36-7860-4dc9-827c-600604286571,0.8289245600000001,0.26643796000000003,0.0231189894,1.7532766599999998,0.23957381,0.73948,32.0,96.88866,29.72,34.04," in achieving their results. To expand my skill set and broaden my perspective, I've","[50364, 294, 19626, 641, 3542, 13, 1407, 5268, 452, 5389, 992, 293, 47045, 452, 4585, 11, 286, 600, 50580]",0.0220723580569028,0.8529411554336548,0.055935826152563,0.6076047420501709,0.4686351716518402,0.1711024791002273,0.2990305125713348,3.2407407407407405,0.09112299233675,neutral_y,14,0.3090130127966386
62ea9b36-7860-4dc9-827c-600604286571,3.5749834,2.8211362,0.4271458034,1.0911662,0.5574721200000001,24.54676,37.0,91.52606,34.04,39.68," undertook various courses such as consulting approach to problem solving, securities markets","[50580, 674, 911, 1212, 3683, 7712, 1270, 382, 23682, 3109, 281, 1154, 12606, 11, 38597, 8383, 50862]",0.0220723580569028,0.5632840991020203,0.2440119683742523,0.4519436955451965,0.4238314628601074,0.1810613125562667,0.2115109860897064,2.127659574468085,0.192703977227211,neutral_y,12,0.2648682966828311
62ea9b36-7860-4dc9-827c-600604286571,5.2592132000000005,14.926466,0.7610818015999999,0.49867800000000007,10.8927003,20.40848,42.0,67.66141999999999,39.68,44.96," by NASM and data science specialization by IBM, where I've learned Python, data analysis","[50862, 538, 10182, 44, 293, 1412, 3497, 2121, 2144, 538, 23487, 11, 689, 286, 600, 3264, 15329, 11, 1412, 5215, 51126]",0.0220723580569028,0.5950983762741089,0.1575625240802765,0.6572688221931458,0.5917704105377197,0.4403042197227478,0.3526779413223266,2.651515151515151,0.247339054942131,neutral_y,14,0.3090130127966386
62ea9b36-7860-4dc9-827c-600604286571,0.39956952666666673,0.22436611500000003,0.12397247308333333,0.32476318049999997,0.3393838498333333,4.285983333333333,47.5,98.58794999999999,44.96,50.08," and machine learning. Apart from my academics, I've undertook various positions at different","[51126, 293, 3479, 2539, 13, 24111, 490, 452, 25695, 11, 286, 600, 15564, 1212, 3683, 8432, 412, 819, 51382]",0.0220723580569028,0.5154206156730652,0.3064511716365814,0.5809333324432373,0.5663977861404419,0.3307290971279144,0.1697600483894348,2.5390625000000013,0.1781282424926757,neutral_y,13,0.28694065473973573
62ea9b36-7860-4dc9-827c-600604286571,0.8553668571428571,1.6500630714285713,0.5483929585714286,0.6754806714285715,0.1961709185714286,11.349414285714285,54.0,96.07451428571429,50.08,57.44," stages of my life. To mention a few, I was event coordinator at my college for two years.","[51382, 10232, 295, 452, 993, 13, 1407, 2152, 257, 1326, 11, 286, 390, 2280, 27394, 412, 452, 3859, 337, 732, 924, 13, 51750]",0.0220723580569028,0.3072762489318847,0.2934959530830383,0.5839731693267822,0.7274211645126343,0.1828336715698242,0.2599157989025116,2.4456521739130435,0.3992278575897217,neutral_y,18,0.39730244502425194
62ea9b36-7860-4dc9-827c-600604286571,2.232129,3.0223329,0.31566106096666663,0.36883266666666664,6.229454089333334,1.7604999999999997,60.5,87.83135,57.44,63.36, I was elected student people leader of my school. I was also part of Sun NGO for the,"[50364, 286, 390, 11776, 3107, 561, 5263, 295, 452, 1395, 13, 286, 390, 611, 644, 295, 6163, 31456, 337, 264, 50660]",0.1922938525676727,0.7822684049606323,0.1162524074316024,0.7614491581916809,0.4443150162696838,0.5376911759376526,0.6444324254989624,3.0405405405405395,0.1014792025089263,neutral_y,18,3.461289346218109
62ea9b36-7860-4dc9-827c-600604286571,0.6557120428000001,0.2536221008,0.0645778006,0.076118534,0.4217898568,13.10846,66.0,98.52817999999999,63.36,68.0," past four years. If I have to talk about my strengths, I'm an adaptive and inquisitive","[50660, 1791, 1451, 924, 13, 759, 286, 362, 281, 751, 466, 452, 16986, 11, 286, 478, 364, 27912, 293, 13570, 271, 2187, 50892]",0.1922938525676727,0.8847313523292542,0.0335633233189582,0.1052723303437233,0.0701676532626152,0.1317130476236343,0.666634202003479,3.4482758620689653,0.0817053094506263,neutral_y,16,3.0767016410827637
62ea9b36-7860-4dc9-827c-600604286571,1.2839940514285715,2.0024632974285717,1.2638226314428571,2.3007790042857144,0.072061248,9.420885714285715,71.0,93.07684285714286,68.0,74.52," learner. I always, I'm always open to learning and exploring new things. I like taking up","[50892, 33347, 13, 286, 1009, 11, 286, 478, 1009, 1269, 281, 2539, 293, 12736, 777, 721, 13, 286, 411, 1940, 493, 51218]",0.1922938525676727,0.784327507019043,0.0342461727559566,0.6985203623771667,0.7768622040748596,0.2363816499710083,0.9739291667938232,2.453987730061351,0.1814263463020324,neutral_y,16,3.0767016410827637
62ea9b36-7860-4dc9-827c-600604286571,3.2740517,3.485186333333333,0.3680578416666667,1.2228156683333333,1.3327839600000002,20.898883333333334,77.5,90.31673333333333,74.52,80.84, challenges and I work hard with resilience to achieve my goals. I've never let any of,"[51218, 4759, 293, 286, 589, 1152, 365, 19980, 281, 4584, 452, 5493, 13, 286, 600, 1128, 718, 604, 295, 51534]",0.1922938525676727,0.7404705286026001,0.1373672485351562,0.7684630751609802,0.6122288107872009,0.5687593817710876,0.1576700359582901,2.5316455696202502,0.1221621632575988,neutral_y,16,3.0767016410827637
62ea9b36-7860-4dc9-827c-600604286571,2.2109551333333335,2.979048283333333,0.017571349985,0.65941346,1.7910349066666669,6.061916666666666,83.5,92.34195,80.84,86.92," my opportunities down and worked on areas which require my improvement. My hobbies are,","[51534, 452, 4786, 760, 293, 2732, 322, 3179, 597, 3651, 452, 10444, 13, 1222, 35750, 366, 11, 51838]",0.1922938525676727,0.233842983841896,0.5235884189605713,0.0120071470737457,0.2422800958156585,0.3731472790241241,0.0144926290959119,2.302631578947369,0.242568552494049,neutral_y,14,2.692113935947418
62ea9b36-7860-4dc9-827c-600604286571,1.0624570716666666,2.0414511016666665,1.0200052666666666,0.8160388866666667,0.13718052583333332,16.2756,89.5,94.92273333333334,86.92,92.08, I like playing badminton and chess. I like to dance and sometimes I would like to travel.,"[50364, 286, 411, 2433, 1578, 76, 12442, 293, 24122, 13, 286, 411, 281, 4489, 293, 2171, 286, 576, 411, 281, 3147, 13, 50622]",0.6050665974617004,0.7123150825500488,0.1473612338304519,0.7002869844436646,0.5435418486595154,0.3391629159450531,0.6950433254241943,3.294573643410855,0.1403236985206604,neutral_y,17,10.286132156848907
62ea9b36-7860-4dc9-827c-600604286571,0.3129429,0.14546116,0.005937412,0.20506782,0.11678983400000001,1.0818400000000001,95.0,99.21382,92.08,97.84," If given opportunity, I would utilize my knowledge and experience to help the company flourish","[50622, 759, 2212, 2650, 11, 286, 576, 16117, 452, 3601, 293, 1752, 281, 854, 264, 2237, 38311, 50910]",0.6050665974617004,0.9341999888420104,0.0229707192629575,0.8578387498855591,0.7024592757225037,0.4486803412437439,0.4942704737186432,2.6041666666666643,0.0428293421864509,neutral_y,15,9.075998961925507
62ea9b36-7860-4dc9-827c-600604286571,0.0457481,0.0962856,0.0656403,0.0524427,0.0975523,-0.6558,98.0,99.6423,97.84,98.92, their aspiring results.,"[50910, 641, 20003, 278, 3542, 13, 50964]",0.6050665974617004,0.6703381538391113,0.137936845421791,0.441128134727478,0.635847806930542,0.4593813121318817,0.7905927896499634,2.777777777777782,0.1917249709367752,neutral_y,3,1.8151997923851013
80985461-c5d6-466f-a30a-4de2784ed0a3,24.9028,0.810725,0.00130463,2.51115,0.0298614,-16.9749,8.0,71.7441,4.84,8.96, with specialization in advertising. I have completed two,"[50606, 365, 2121, 2144, 294, 13097, 13, 286, 362, 7365, 732, 50812]",0.1695040613412857,0.8256796002388,0.104166492819786,0.7324678301811218,0.2989841103553772,0.5567376613616943,0.3884072303771972,1.9417475728155336,0.0701538696885109,neutral_y,8,1.3560324907302848
80985461-c5d6-466f-a30a-4de2784ed0a3,0.105126,0.000545632,0.00444379,0.0203316,4.99429e-05,-22.602,13.0,99.8695,12.88,16.88," second one was foundations of management by Google. Apart from that, when I'm not","[51008, 1150, 472, 390, 22467, 295, 4592, 538, 3329, 13, 24111, 490, 300, 11, 562, 286, 478, 406, 51208]",0.1695040613412857,0.4646764397621155,0.3546738922595978,0.1339003443717956,0.5841033458709717,0.3406029045581817,0.0833304524421691,3.5000000000000018,0.1806496232748031,neutral_y,14,2.373056858777998
80985461-c5d6-466f-a30a-4de2784ed0a3,0.0324648,0.000134306,0.326047,0.0764467,1.16976e-05,-15.2277,49.0,99.5649,47.5,51.76, idea to share with you all. The idea goes as we get the AI to analyze what works,"[51395, 1558, 281, 2073, 365, 291, 439, 13, 440, 1558, 1709, 382, 321, 483, 264, 7318, 281, 12477, 437, 1985, 51608]",0.4583599865436554,0.6716249585151672,0.0840681865811348,0.6502296328544617,0.3017536997795105,0.4050856232643127,0.5914865732192993,4.225352112676059,0.2443068921566009,neutral_y,18,8.250479757785797
80985461-c5d6-466f-a30a-4de2784ed0a3,0.00625308,9.58978e-05,0.0738617,0.00851685,0.0023527,-8.4059,72.0,99.9089,67.52,74.52, activities that help them stay focused or concentrate better. That's it. Thank you.,"[50968, 5354, 300, 854, 552, 1754, 5178, 420, 18089, 1101, 13, 663, 311, 309, 13, 1044, 291, 13, 51318]",0.0043929857201874,0.6989964842796326,0.0757790952920913,0.3364621102809906,0.0161665454506874,0.9610377550125122,0.0114092780277132,1.8571428571428568,0.2252244055271148,neutral_y,13,0.05710881436243831
d851fe95-3ead-47c1-88aa-d6fc453f7021,1.7979673536,26.109047398,39.996159999999996,10.85155658,0.032214110000000004,7.1603200000000005,6.2,21.2086778,0.0,10.08," Hello, I am Joseph Nichols. I belong to the heritage city of Varanasi. I have done my undergraduation","[50364, 2425, 11, 286, 669, 1160, 265, 3016, 497, 1301, 13, 286, 5784, 281, 264, 16040, 2307, 295, 14662, 282, 8483, 13, 286, 362, 1096, 452, 833, 70, 6206, 16073, 50868]",0.2831581532955169,0.5208036303520203,0.1680745333433151,0.8442848324775696,0.9168867468833924,0.6740781664848328,0.6976547241210938,1.7857142857142858,0.3111218512058258,happy,18,5.096846759319304
d851fe95-3ead-47c1-88aa-d6fc453f7021,2.91563025,24.979979999999998,4.358963999999999,13.906690000000001,0.505456215,-6.1691,13.5,53.31541375,10.08,16.4, in earth science from Banaras Hindu University. And post that I have worked with the single,"[50868, 294, 4120, 3497, 490, 13850, 35867, 21231, 3535, 13, 400, 2183, 300, 286, 362, 2732, 365, 264, 2167, 51184]",0.2831581532955169,0.3577946126461029,0.2306450307369232,0.6129851341247559,0.800743043422699,0.4383454024791717,0.301148921251297,2.5316455696202538,0.4115604162216186,neutral_y,16,4.5305304527282715
d851fe95-3ead-47c1-88aa-d6fc453f7021,1.179614,28.923669999999998,1.7245875,10.90198,11.792546699999999,6.939,20.5,45.477155,16.4,21.64, largest government owned reinsurer in the country called General Insurance Corporation,"[51184, 6443, 2463, 11684, 47200, 9858, 294, 264, 1941, 1219, 6996, 39971, 26464, 51446]",0.2831581532955169,0.6381872892379761,0.2426007688045501,0.8105590343475342,0.6105666756629944,0.4564272761344909,0.244824543595314,2.099236641221373,0.1192118749022483,neutral_y,11,3.1147396862506866
d851fe95-3ead-47c1-88aa-d6fc453f7021,1.2030636666666668,44.35304,1.0126893333333333,9.000933333333334,13.104330556666667,-2.180566666666667,26.333333333333332,31.309240000000003,21.64,28.72, of India in their retrocession and reinsurance underwriting departments. My thorough understanding,"[51446, 295, 5282, 294, 641, 18820, 29881, 293, 47200, 5683, 833, 19868, 15326, 13, 1222, 12934, 3701, 51800]",0.2831581532955169,0.5883903503417969,0.2092219889163971,0.7638732194900513,0.4111802577972412,0.5839364528656006,0.3314560353755951,1.6949152542372885,0.2023876309394836,fear,12,3.3978978395462036
d851fe95-3ead-47c1-88aa-d6fc453f7021,10.398205,49.21535,2.1964187500000003,25.2251925,1.494137175,1.4004499999999998,31.5,11.287127000000002,28.72,34.48, of the Indian markets and analytical skills acquired due to working in such a diverse,"[50364, 295, 264, 6427, 8383, 293, 29579, 3942, 17554, 3462, 281, 1364, 294, 1270, 257, 9521, 50652]",0.0038215371314436,0.7796306610107422,0.0771983936429023,0.7005398869514465,0.2651432156562805,0.1299445182085037,0.1841579526662826,2.6041666666666674,0.1431709080934524,fear,15,0.05732305697165607
d851fe95-3ead-47c1-88aa-d6fc453f7021,3.6323499999999997,45.943475,0.13222155,44.8741,0.066550151925,12.114674999999998,40.5,5.319715,34.48,42.68," and rich field such as reinsurance, along with my verbal and written communication skills","[50652, 293, 4593, 2519, 1270, 382, 47200, 5683, 11, 2051, 365, 452, 24781, 293, 3720, 6101, 3942, 51062]",0.0038215371314436,0.8618828058242798,0.0454469434916973,0.8669721484184265,0.1011504307389259,0.3155865967273712,0.4339741468429565,1.7073170731707312,0.0926702693104744,fear,14,0.053501519840210676
d851fe95-3ead-47c1-88aa-d6fc453f7021,9.095423,55.393499999999996,0.12944477499999998,24.5661755,0.4718270235,-3.400475,46.5,10.1666658,42.68,49.28, are the attributes which I feel make me the right fit for this job. As a person I believe,"[51062, 366, 264, 17212, 597, 286, 841, 652, 385, 264, 558, 3318, 337, 341, 1691, 13, 1018, 257, 954, 286, 1697, 51392]",0.0038215371314436,0.955632746219635,0.010879841633141,0.7913922071456909,0.571502149105072,0.8290818929672241,0.2441095113754272,2.878787878787878,0.0334874093532562,fear,19,0.07260920549742877
d851fe95-3ead-47c1-88aa-d6fc453f7021,1.6806892499999997,64.87046833333333,0.2895174999999999,9.311707333333333,15.74570172,-9.141966666666667,53.166666666666664,8.076528416666667,49.28,56.0, in the thought that you cannot find newer oceans until you lose sight of the shore.,"[51392, 294, 264, 1194, 300, 291, 2644, 915, 17628, 25004, 1826, 291, 3624, 7860, 295, 264, 17805, 13, 51728]",0.0038215371314436,0.2770809829235077,0.5598534345626831,0.2824903130531311,0.610556960105896,0.1657298654317855,0.1218324527144432,2.3809523809523814,0.1630656123161316,fear,16,0.061144594103097916
d851fe95-3ead-47c1-88aa-d6fc453f7021,4.31372,29.62535,1.2776116,43.6594,0.133420805,-2.3487,58.5,20.968600000000002,56.72,61.12, This thought is something that pushes me each day towards having newer experiences.,"[50400, 639, 1194, 307, 746, 300, 21020, 385, 1184, 786, 3030, 1419, 17628, 5235, 13, 50620]",0.0225967615842819,0.9672915935516356,0.0132864089682698,0.6888110637664795,0.0205189362168312,0.2035129219293594,0.8181730508804321,2.9545454545454555,0.0194220691919326,sad,13,0.293757900595665
d851fe95-3ead-47c1-88aa-d6fc453f7021,0.292480025,60.3127925,0.28895899999999997,15.677499,0.03989292915,2.010675,66.5,23.388194249999998,62.56,68.48," While reading about your company and beside you, I understood that you guys want to create a","[50692, 3987, 3760, 466, 428, 2237, 293, 15726, 291, 11, 286, 7320, 300, 291, 1074, 528, 281, 1884, 257, 50988]",0.0225967615842819,0.5798945426940918,0.1944420039653778,0.6794205904006958,0.5793017148971558,0.2432628720998764,0.4973950088024139,2.8716216216216206,0.225663423538208,fear,17,0.38414494693279266
d851fe95-3ead-47c1-88aa-d6fc453f7021,2.07363775,56.849937499999996,9.983061245,26.7846625,1.785986893625,0.24589999999999979,72.5,2.3079915499999997,68.48,76.4, society where children can live their lives as they are and realize the uniqueness of each person,"[50988, 4086, 689, 2227, 393, 1621, 641, 2909, 382, 436, 366, 293, 4325, 264, 48294, 295, 1184, 954, 51384]",0.0225967615842819,0.8745570778846741,0.0483902320265769,0.649190366268158,0.6013596057891846,0.2406896352767944,0.2179247438907623,2.146464646464646,0.0770526602864265,fear,17,0.38414494693279266
d851fe95-3ead-47c1-88aa-d6fc453f7021,3.9511414158,49.868766,0.1476168892,14.1492175076,0.062542854,-13.31654,79.8,31.81375742076,76.4,84.08, through artificial intelligence. This idea really resonated with me and I do wish to be a part of,"[51384, 807, 11677, 7599, 13, 639, 1558, 534, 47957, 365, 385, 293, 286, 360, 3172, 281, 312, 257, 644, 295, 51768]",0.0225967615842819,0.967671811580658,0.0095910243690013,0.725499153137207,0.0700666159391403,0.1980828195810318,0.9687949419021606,2.343750000000002,0.0227371677756309,fear,18,0.4067417085170746
1c0c686b-3aae-4ac6-8625-3e86a7a0892f,3.530383666666667,7.595494566666666,0.25580135,1.0381565000000001,1.7923392870000001,1.7486,3.5,85.78744999999999,0.0,6.88," Hi, hope you're doing well. I'm Srivats Biyani. I am a PGP finance student at IIM Co-Ecode.","[50364, 2421, 11, 1454, 291, 434, 884, 731, 13, 286, 478, 25120, 85, 1720, 363, 4727, 3782, 13, 286, 669, 257, 40975, 47, 10719, 3107, 412, 286, 6324, 3066, 12, 36, 1291, 1479, 13, 50708]",0.6115990877151489,0.7498689293861389,0.0732015073299408,0.6134885549545288,0.8107351064682007,0.677797794342041,0.6146660447120667,2.4709302325581395,0.1769295632839203,neutral_y,17,10.397184491157532
1c0c686b-3aae-4ac6-8625-3e86a7a0892f,2.0884449999999997,14.006895166666666,0.4623748333333333,1.0908413333333333,3.767816533333333,3.939766666666667,9.5,78.58274999999999,6.88,12.12," Now before joining IIM Co-Ecode, what all have I done? I am a chartered accountant and","[50708, 823, 949, 5549, 286, 6324, 3066, 12, 36, 22332, 11, 437, 439, 362, 286, 1096, 30, 286, 669, 257, 27472, 292, 43898, 293, 50970]",0.6115990877151489,0.2509221732616424,0.3676676750183105,0.1569754183292389,0.9828993082046508,0.177705243229866,0.0878390446305275,3.053435114503816,0.3814101219177246,neutral_y,16,9.785585403442386
1c0c686b-3aae-4ac6-8625-3e86a7a0892f,15.214701999999999,8.5917708,16.118650816,3.9176900000000003,0.3878654674,4.48464,15.0,55.76107999999999,12.12,17.84," I've also cleared CFA level 1. I interned with PWC for more than three years, did my","[50970, 286, 600, 611, 19725, 383, 19684, 1496, 502, 13, 286, 2154, 292, 365, 46375, 34, 337, 544, 813, 1045, 924, 11, 630, 452, 51256]",0.6115990877151489,0.7959458827972412,0.072044663131237,0.8596539497375488,0.5269836187362671,0.6811324954032898,0.4106676876544952,2.9720279720279725,0.1320094764232635,neutral_y,17,10.39718449115753
1c0c686b-3aae-4ac6-8625-3e86a7a0892f,16.82511416666667,3.5826248166666663,0.9915881583333334,2.311014333333333,0.034814866,8.408900000000001,20.5,76.23533333333334,17.84,23.6, article shift basically from there and I worked in the statutory audit department. After clearing,"[51256, 7222, 5513, 1936, 490, 456, 293, 286, 2732, 294, 264, 42037, 17748, 5882, 13, 2381, 23937, 51544]",0.6115990877151489,0.3692274391651153,0.3422666788101196,0.2665644586086273,0.7295995354652405,0.3109519481658935,0.1155197769403457,2.604166666666666,0.2885059118270874,neutral_y,15,9.173986315727234
1c0c686b-3aae-4ac6-8625-3e86a7a0892f,1.7160363333333333,12.286715999999998,6.244783729999999,0.37866916666666667,1.0112588801666667,8.359933333333334,26.5,78.3621,23.6,29.0," CA, I worked with ITC limited in the internal audit department for almost 14 months after","[51544, 22852, 11, 286, 2732, 365, 6783, 34, 5567, 294, 264, 6920, 17748, 5882, 337, 1920, 3499, 2493, 934, 51814]",0.6115990877151489,0.365604966878891,0.4038545191287994,0.5655936002731323,0.8540841341018677,0.4157737493515014,0.1464366614818573,2.962962962962964,0.2305405139923095,neutral_y,16,9.785585403442383
1c0c686b-3aae-4ac6-8625-3e86a7a0892f,6.030979111111112,10.901759,3.6020214444444445,1.6564634444444446,0.5820693796666666,7.920866666666665,33.0,77.2254,29.0,37.0, which I joined IIM Co-Ecode for the MBA program. Now a little bit about my skills etc. So I,"[50364, 597, 286, 6869, 286, 6324, 3066, 12, 36, 22332, 337, 264, 26674, 1461, 13, 823, 257, 707, 857, 466, 452, 3942, 5183, 13, 407, 286, 50764]",0.082160584628582,0.5213223099708557,0.1827505975961685,0.5776039958000183,0.6042500138282776,0.2849438488483429,0.3209485709667206,2.375,0.2959270775318146,neutral_y,19,1.561051107943058
1c0c686b-3aae-4ac6-8625-3e86a7a0892f,1.1287006833333333,8.9996338,0.5217877183333334,0.39604100000000003,0.08981941976666667,2.7139166666666665,39.5,88.86373333333334,37.0,42.88," am a very analytical person. I love playing with numbers, you know, data sets, apply all","[50764, 669, 257, 588, 29579, 954, 13, 286, 959, 2433, 365, 3547, 11, 291, 458, 11, 1412, 6352, 11, 3079, 439, 51058]",0.082160584628582,0.6323294639587402,0.1261713653802871,0.8427242040634155,0.207890972495079,0.28948774933815,0.5709196329116821,2.7210884353741487,0.2414991408586502,neutral_y,16,1.314569354057312
1c0c686b-3aae-4ac6-8625-3e86a7a0892f,13.802823285714286,13.536584000000001,0.4072147242857143,3.2897095714285713,1.7874668907285716,9.965428571428571,46.0,67.13002857142855,42.88,49.56," sorts of statistical tools, try and understand whatever possible outcomes or interpretations","[51058, 7527, 295, 22820, 3873, 11, 853, 293, 1223, 2035, 1944, 10070, 420, 37547, 51392]",0.082160584628582,0.2157061249017715,0.2860854268074035,0.067931443452835,0.2989308536052704,0.0359124168753623,0.0676404386758804,1.796407185628743,0.4982084631919861,neutral_y,12,0.9859270155429822
1c0c686b-3aae-4ac6-8625-3e86a7a0892f,12.010530714285713,13.882849857142858,0.4242389571428572,6.825864571428572,0.5930081771428571,6.963728571428571,53.0,66.23179999999999,49.56,56.120000000000005, are there from those numbers. I just love the idea about getting into the edtech space.,"[51392, 366, 456, 490, 729, 3547, 13, 286, 445, 959, 264, 1558, 466, 1242, 666, 264, 1257, 25970, 1901, 13, 51720]",0.082160584628582,0.9022812843322754,0.0358541682362556,0.3509165048599243,0.2096534371376037,0.2466723918914795,0.971159279346466,2.439024390243901,0.0618645958602428,neutral_y,16,1.3145693540573156
1c0c686b-3aae-4ac6-8625-3e86a7a0892f,7.724064716666668,21.378021666666665,0.9320917633333333,1.4774773333333335,0.28835137000000005,3.66665,59.5,68.19591666666666,56.12,62.6, Education is something which I believe is the base or the source or basically just the,"[50364, 10680, 307, 746, 597, 286, 1697, 307, 264, 3096, 420, 264, 4009, 420, 1936, 445, 264, 50688]",0.2536786198616028,0.4937700033187866,0.2332793772220611,0.564256489276886,0.457510232925415,0.2820843756198883,0.1519986689090728,2.469135802469137,0.2729505896568298,neutral_y,16,4.05885791778563
1c0c686b-3aae-4ac6-8625-3e86a7a0892f,14.409249450000003,20.527426483333333,0.3261513916666667,3.019285883333333,0.39106060200000003,9.634366666666667,65.5,61.319573333333345,62.6,68.44," crux of any economy of the whole, not only the nation, of the whole world. If everyone","[50688, 5140, 87, 295, 604, 5010, 295, 264, 1379, 11, 406, 787, 264, 4790, 11, 295, 264, 1379, 1002, 13, 759, 1518, 50980]",0.2536786198616028,0.392660915851593,0.4069627225399017,0.3442816138267517,0.2179125398397445,0.1377758681774139,0.0802972391247749,2.910958904109587,0.2003763616085052,neutral_y,17,4.312536537647263
1c0c686b-3aae-4ac6-8625-3e86a7a0892f,1.7960755714285714,5.071350857142858,0.19736662857142862,0.6050720714285713,8.402285842285714,2.7499571428571428,72.0,83.92772228571428,68.44,75.16," is educated, I think the whole problem, I think the major problem will be solved. So","[50980, 307, 15872, 11, 286, 519, 264, 1379, 1154, 11, 286, 519, 264, 2563, 1154, 486, 312, 13041, 13, 407, 51316]",0.2536786198616028,0.6289094686508179,0.2360039353370666,0.9255570769309998,0.3032469153404236,0.4696858823299408,0.3693291246891022,2.3809523809523814,0.1350865513086319,neutral_y,16,4.0588579177856445
1c0c686b-3aae-4ac6-8625-3e86a7a0892f,4.55123416,14.1772576,0.698440496,0.5266585779999999,0.8071856808000002,24.8188,78.0,79.193682,75.16,80.08, this is the reason I am very fascinated about the idea that your company is providing and,"[51316, 341, 307, 264, 1778, 286, 669, 588, 24597, 466, 264, 1558, 300, 428, 2237, 307, 6530, 293, 51562]",0.2536786198616028,0.8170421123504639,0.0811205506324768,0.6743389368057251,0.0716916397213935,0.1672163009643554,0.9434130787849426,3.4552845528455274,0.1018374115228653,neutral_y,17,4.312536537647247
1c0c686b-3aae-4ac6-8625-3e86a7a0892f,6.478915,15.56411,2.5182717500000003,1.140729,5.056199575,3.8477750000000004,82.5,69.2397,80.08,84.8, I wish I will be able to expand the successful model that you've built in Japan and bring,"[51562, 286, 3172, 286, 486, 312, 1075, 281, 5268, 264, 4406, 2316, 300, 291, 600, 3094, 294, 3367, 293, 1565, 51798]",0.2536786198616028,0.8866376280784607,0.0902955532073974,0.4240588843822479,0.7553256750106812,0.2192091047763824,0.8156635165214539,3.8135593220338992,0.0230668652802705,neutral_y,18,4.56621515750885
1c0c686b-3aae-4ac6-8625-3e86a7a0892f,20.10578,17.222023999999998,1.1832776600000001,1.3894182,5.05808276,3.84812,87.0,55.03950000000001,84.8,89.84, that to India as well. So that is what I will aim to do if I am given an opportunity,"[50364, 300, 281, 5282, 382, 731, 13, 407, 300, 307, 437, 286, 486, 5939, 281, 360, 498, 286, 669, 2212, 364, 2650, 50616]",0.0453213676810264,0.8062192797660828,0.1073804199695587,0.832483172416687,0.3943269848823547,0.4910222291946411,0.5583117604255676,3.968253968253964,0.0864003077149391,neutral_y,20,0.9064273536205256
1c0c686b-3aae-4ac6-8625-3e86a7a0892f,0.28258125,0.209134,0.11339125,0.10696174,0.6058250000000001,-2.59165,90.5,98.68215000000001,89.84,91.32, to work with you. Thank you.,"[50616, 281, 589, 365, 291, 13, 1044, 291, 13, 50690]",0.0453213676810264,0.8579861521720886,0.0317294709384441,0.8137446045875549,0.6969162821769714,0.7448036670684814,0.7735779285430908,4.054054054054082,0.1102843955159187,neutral_y,6,0.27192820608615875
70a013ed-120a-41fa-bedd-75a5d15afb76,2.402494866666667,23.901026833333333,17.677741441166663,26.00316966666667,12.237671631303167,8.057033333333333,3.5,17.77248133333333,0.0,6.04," My name is Michael Ramos, I am from Patna, Bihar. I have done my schooling in Commerce and then","[50364, 1222, 1315, 307, 49328, 2786, 11, 286, 669, 490, 4379, 629, 11, 363, 4247, 289, 13, 286, 362, 1096, 452, 41677, 294, 34493, 293, 550, 50666]",0.5432539582252502,0.4573494791984558,0.2063996344804763,0.888680100440979,0.8816472887992859,0.7057801485061646,0.6239460110664368,2.980132450331126,0.336250901222229,sad,19,10.778571248054504
70a013ed-120a-41fa-bedd-75a5d15afb76,1.5639295500000001,42.024338333333326,3.0973394666666665,36.24162666666667,10.93545443,13.979583333333332,9.5,6.1352746666666675,6.04,12.08, I went up to do my graduation in B.Com Honours. I have interned as an Accounting Associate,"[50666, 286, 1437, 493, 281, 360, 452, 15652, 294, 363, 13, 14627, 6625, 5067, 13, 286, 362, 2154, 292, 382, 364, 24558, 278, 28520, 50968]",0.5432539582252502,0.5326712727546692,0.2227642685174942,0.7324235439300537,0.7502701878547668,0.6207433938980103,0.3670782744884491,2.814569536423841,0.244564488530159,fear,17,9.235317289829254
70a013ed-120a-41fa-bedd-75a5d15afb76,6.387525,27.6869,0.357611778125,53.780075000000004,0.30435907,6.9041250000000005,14.5,11.40547125,12.08,16.68, as well as a Tax Associate wherein I got the chance to apply all the knowledge that I had,"[50968, 382, 731, 382, 257, 23263, 28520, 43531, 286, 658, 264, 2931, 281, 3079, 439, 264, 3601, 300, 286, 632, 51198]",0.5432539582252502,0.7147582173347473,0.117540493607521,0.7647761106491089,0.3847949206829071,0.3883214890956878,0.3160685896873474,4.130434782608696,0.1677013486623764,sad,19,10.321825206279755
70a013ed-120a-41fa-bedd-75a5d15afb76,9.249495166666668,38.347721666666665,0.6599064833333333,40.084808333333335,0.5779575,5.905233333333334,19.5,10.623088333333333,16.68,22.56," learned in my B.Com to apply them in real life scenario. Apart from Academics, I have","[51198, 3264, 294, 452, 363, 13, 14627, 281, 3079, 552, 294, 957, 993, 9005, 13, 24111, 490, 9740, 38014, 11, 286, 362, 51492]",0.5432539582252502,0.6066190600395203,0.1321890652179718,0.8295027613639832,0.4726366996765136,0.7769191861152649,0.3837169706821441,2.72108843537415,0.2611918449401855,sad,16,8.692063331604004
70a013ed-120a-41fa-bedd-75a5d15afb76,2.01175,48.7890475,0.17115456250000002,26.14754175,0.81691865175,5.72585,24.5,22.057227865,22.56,26.76, been involved in a lot of extracurricular activities. I was the captain of the students,"[51492, 668, 3288, 294, 257, 688, 295, 1279, 12080, 374, 42750, 5354, 13, 286, 390, 264, 14871, 295, 264, 1731, 51702]",0.5432539582252502,0.6291606426239014,0.1392925977706909,0.7325353026390076,0.3873668313026428,0.0989930182695388,0.3490049839019775,3.571428571428569,0.2315468192100525,fear,15,8.148809373378754
70a013ed-120a-41fa-bedd-75a5d15afb76,3.8548519999999997,42.4743,15.851195,16.749907500000003,16.64289575,17.172625,28.5,4.405761999999999,26.76,30.76, committee in my final school year and was also awarded the Best Student Award at the,"[50364, 7482, 294, 452, 2572, 1395, 1064, 293, 390, 611, 19100, 264, 9752, 12464, 13894, 412, 264, 50564]",0.1600064635276794,0.8203577399253845,0.0897892415523529,0.8596852421760559,0.7617006301879883,0.5717273354530334,0.61887127161026,4.0,0.0898529887199401,fear,16,2.560103416442871
70a013ed-120a-41fa-bedd-75a5d15afb76,3.5893306600000003,31.741089657142854,2.863445677228572,34.77815685714286,4.741968227071429,3.895142857142857,34.0,22.274545,30.76,37.04," end of the year. When I went up to college, I was the class representative which again","[50564, 917, 295, 264, 1064, 13, 1133, 286, 1437, 493, 281, 3859, 11, 286, 390, 264, 1508, 12424, 597, 797, 50878]",0.1600064635276794,0.3650515973567962,0.4220536947250366,0.6320672631263733,0.8081514239311218,0.604330837726593,0.282799631357193,2.7070063694267525,0.2128946632146835,sad,17,2.7201098799705523
70a013ed-120a-41fa-bedd-75a5d15afb76,1.0025753199999998,51.56764,1.0205096042,35.537644,9.158613824,19.492520000000003,40.0,1.7099769999999999,37.04,42.32," is the part of the students committee. Apart from that, I have been a part of Bad Scouts","[50878, 307, 264, 644, 295, 264, 1731, 7482, 13, 24111, 490, 300, 11, 286, 362, 668, 257, 644, 295, 11523, 2747, 7711, 51142]",0.1600064635276794,0.0429165139794349,0.8795566558837891,0.6803277134895325,0.8400558829307556,0.4153786599636078,0.2285780161619186,3.4090909090909083,0.0775267481803894,fear,18,2.88011634349823
70a013ed-120a-41fa-bedd-75a5d15afb76,0.15477902,31.890667999999998,6.28471494,23.059628,0.45746152799999995,17.57646,45.0,38.152684,42.32,47.400000000000006, and Guide for more than 5 years where I have completed several treks and was part of a,"[51142, 293, 18727, 337, 544, 813, 1025, 924, 689, 286, 362, 7365, 2940, 2192, 1694, 293, 390, 644, 295, 257, 51396]",0.1600064635276794,0.4244469702243805,0.3324834108352661,0.8525682687759399,0.4248860478401184,0.2403024286031723,0.476454347372055,3.5433070866141696,0.2430695742368698,neutral_y,18,2.88011634349823
70a013ed-120a-41fa-bedd-75a5d15afb76,0.5081505666666667,36.556493499999995,1.91534854013,12.501844,6.929264068416668,8.369733333333334,50.5,41.58839783333333,47.400000000000006,53.52," lot of activities that were based for social needs and for social cause. In my free time,","[51396, 688, 295, 5354, 300, 645, 2361, 337, 2093, 2203, 293, 337, 2093, 3082, 13, 682, 452, 1737, 565, 11, 51702]",0.1600064635276794,0.8444945812225342,0.0947159081697464,0.1821441203355789,0.1004944369196891,0.0359731204807758,0.239479511976242,2.777777777777779,0.0607895068824291,neutral_y,17,2.7201098799705488
70a013ed-120a-41fa-bedd-75a5d15afb76,4.6407964,35.687577999999995,16.2337985098,18.978821999999997,4.36269534,9.81398,56.0,20.084958,53.52,58.68000000000001, I like to read both fiction and non-fiction based on if I am feeling creative that day,"[50364, 286, 411, 281, 1401, 1293, 13266, 293, 2107, 12, 32041, 2361, 322, 498, 286, 669, 2633, 5880, 300, 786, 50622]",0.0368319861590862,0.7499942779541016,0.0865143090486526,0.2311281263828277,0.3168202042579651,0.1519024074077606,0.2689922153949737,3.2945736434108506,0.1634913831949234,fear,17,0.6261437647044659
70a013ed-120a-41fa-bedd-75a5d15afb76,11.624448,47.69576,0.5026867944,29.334098,1.302075044,15.456799999999998,61.0,9.504904100000001,58.68000000000001,63.48, or if I want to gain some info. The short term goal for me is to find a job where I,"[50622, 420, 498, 286, 528, 281, 6052, 512, 13614, 13, 440, 2099, 1433, 3387, 337, 385, 307, 281, 915, 257, 1691, 689, 286, 50862]",0.0368319861590862,0.4055115282535553,0.2821207046508789,0.4011301696300506,0.6962759494781494,0.3513998389244079,0.1383545994758606,4.375000000000003,0.3123677968978882,fear,21,0.7734717093408428
70a013ed-120a-41fa-bedd-75a5d15afb76,3.1494004333333336,31.13641416666667,3.635206831225,29.248176666666666,2.3893203166666663,14.1325,66.5,30.428254999999996,63.48,69.16, can apply the skill set and the knowledge that I have gained so far and build new skills,"[50862, 393, 3079, 264, 5389, 992, 293, 264, 3601, 300, 286, 362, 12634, 370, 1400, 293, 1322, 777, 3942, 51146]",0.0368319861590862,0.7374351024627686,0.0633007064461708,0.8213433623313904,0.2041423320770263,0.4224165976047516,0.2540288865566253,3.1690140845070465,0.19926418364048,fear,18,0.6629757508635308
70a013ed-120a-41fa-bedd-75a5d15afb76,1.4310263149999998,37.534139333333336,0.5328288464511667,43.93443666666666,0.844337061285,17.926433333333335,72.5,15.695508333333331,69.16,75.4," alongside. Whereas in the long term, I look for a role wherein I will be able to create","[51146, 12385, 13, 13813, 294, 264, 938, 1433, 11, 286, 574, 337, 257, 3090, 43531, 286, 486, 312, 1075, 281, 1884, 51458]",0.0368319861590862,0.594038188457489,0.206492006778717,0.4554492235183716,0.6316354870796204,0.2210284620523452,0.1276124715805053,2.8846153846153806,0.1994697600603103,sad,18,0.6629757508635521
70a013ed-120a-41fa-bedd-75a5d15afb76,7.887112333333334,30.620649999999998,0.44140865456,50.178216666666664,0.5365047411666667,20.9044,78.5,10.303553333333333,75.4,81.68, value. I look for bigger targets so that I can test myself. I need to figure myself during,"[51458, 2158, 13, 286, 574, 337, 3801, 12911, 370, 300, 286, 393, 1500, 2059, 13, 286, 643, 281, 2573, 2059, 1830, 51772]",0.0368319861590862,0.5870386362075806,0.2071908116340637,0.1273980140686035,0.4364162683486938,0.0202057249844074,0.2752922773361206,2.86624203821656,0.2057705372571945,sad,18,0.6629757508635521
70a013ed-120a-41fa-bedd-75a5d15afb76,4.045247571428572,39.83396428571428,0.8276050159057914,44.486085714285714,0.3392003141328572,7.575057142857141,85.0,10.414275714285713,81.84,88.84," the preliminary years so that when the superior targets are put, I am able to come up with","[50372, 264, 28817, 924, 370, 300, 562, 264, 13028, 12911, 366, 829, 11, 286, 669, 1075, 281, 808, 493, 365, 50722]",0.1012721061706543,0.5426744222640991,0.2599738240242004,0.5393195748329163,0.4502208232879638,0.2843805253505707,0.1041403040289878,2.571428571428572,0.1973517388105392,sad,18,1.8228979110717738
70a013ed-120a-41fa-bedd-75a5d15afb76,0.326095,1.1774,0.0382226,33.0062,0.0111013,3.7459,89.0,65.441,88.84,89.72000000000001, the best outcomes.,"[50722, 264, 1151, 10070, 13, 50766]",0.1012721061706543,0.963019073009491,0.013738508336246,0.8070101737976074,0.3033077716827392,0.6463361978530884,0.4792070388793945,3.409090909090872,0.0232423897832632,neutral_y,3,0.3038163185119629
